id_huesped,nombre,apellido,email,nacionalidad,fecha_nac,telefono
1,Alvie,Muggleton,amuggleton0@constantcontact.com,Sweden,17/10/1991,7675413722
2,Michael,Marjoram,mmarjoram1@cnbc.com,Kazakhstan,18/02/1999,3261161694
3,Raddy,Birley,rbirley2@livejournal.com,China,15/10/1997,3339030848
4,Lettie,Dack,ldack3@seesaa.net,Zimbabwe,08/11/1998,2653470193
5,Timothy,Leverich,tleverich4@fda.gov,Tajikistan,12/10/1976,3967145334
6,Normie,Laurand,nlaurand5@vimeo.com,China,05/09/1967,5072938680
7,Donielle,Londesborough,dlondesborough6@blogspot.com,Kazakhstan,08/11/1969,6507212735
8,Clerc,Vedeneev,cvedeneev7@ow.ly,Indonesia,20/07/1983,6654624134
9,Darcy,Grendon,dgrendon8@tripod.com,Honduras,07/03/2001,9523861739
10,Belva,Treen,btreen9@ibm.com,United States,11/11/1993,8032751009
11,Chrystal,Loreit,cloreita@scientificamerican.com,Russia,14/06/1999,1886419393
12,Merralee,Moreton,mmoretonb@bravesites.com,Syria,08/03/1986,2479377497
13,Ignatius,Ricardot,iricardotc@archive.org,Vietnam,02/05/1977,9055669828
14,Rollins,Pickring,rpickringd@yelp.com,Georgia,16/08/1970,8324745068
15,Christel,De Biaggi,cdebiaggie@t-online.de,Iran,12/10/1984,3381847538
16,Derron,Hurton,dhurtonf@over-blog.com,Russia,28/12/1960,2458564633
17,Bellina,Bownd,bbowndg@admin.ch,China,01/11/1992,5814510309
18,Abagail,Farge,afargeh@live.com,Colombia,13/01/1968,2264448993
19,Alix,Dufore,aduforei@cafepress.com,China,22/12/1970,3308739831
20,Cybil,Eberlein,ceberleinj@yellowpages.com,Uganda,10/01/1979,6958075922
21,Adah,Hullbrook,ahullbrookk@indiegogo.com,China,28/05/1964,8957518413
22,Darryl,Alfonsini,dalfonsinil@tripod.com,Belarus,27/09/1984,4355259633
23,Anselm,Izak,aizakm@yolasite.com,Philippines,04/01/1978,1763611733
24,Natty,Amesbury,namesburyn@gravatar.com,Afghanistan,23/05/1993,4732920335
25,Ferdinande,Gurr,fgurro@zdnet.com,Tunisia,16/08/1974,5113420533
26,Nissa,Rabley,nrableyp@delicious.com,China,16/01/1994,1111282163
27,Farra,Treweke,ftrewekeq@dot.gov,China,14/03/2002,3921041346
28,Karie,Corpes,kcorpesr@pcworld.com,Indonesia,22/06/1965,9002425483
29,Donaugh,Scrafton,dscraftons@vinaora.com,China,16/04/1994,5962476937
30,Clayborn,Lewerenz,clewerenzt@oakley.com,Czech Republic,07/11/1988,6038334008
31,Jeremias,Priddie,jpriddieu@gov.uk,France,14/10/1966,7618673479
32,Innis,Kesper,ikesperv@wikipedia.org,United States,12/09/1973,3045075785
33,Lazarus,Bontine,lbontinew@netlog.com,Mongolia,28/10/1976,6992025956
34,Storm,Gendricke,sgendrickex@businessinsider.com,South Africa,17/05/2000,8604571094
35,Montague,Jesse,mjessey@ftc.gov,Philippines,25/08/1966,1398940917
36,Celisse,Bezarra,cbezarraz@flickr.com,Brazil,28/01/1983,1203008740
37,Welbie,Brabbins,wbrabbins10@youtube.com,Russia,06/03/1966,6716953894
38,Llywellyn,Alen,lalen11@tiny.cc,China,25/10/1985,6926184335
39,Lauren,Chesnay,lchesnay12@webs.com,China,29/12/1997,9286450059
40,Ulla,Scanterbury,uscanterbury13@desdev.cn,Colombia,17/06/2001,2476444019
41,Lotte,Wellan,lwellan14@dyndns.org,Cameroon,25/07/1977,8921259942
42,Dugald,DelaField,ddelafield15@cbsnews.com,Portugal,08/11/1985,7662923719
43,Ezmeralda,Maty,ematy16@qq.com,Slovenia,03/04/1974,4199142930
44,Teri,Caldaro,tcaldaro17@posterous.com,Sweden,28/05/1975,9355829944
45,Libbi,Vedeshkin,lvedeshkin18@amazon.co.jp,Portugal,06/01/1980,8735607674
46,Everett,Maccraw,emaccraw19@gov.uk,China,26/08/1995,7557027877
47,Margaretta,Martignon,mmartignon1a@dedecms.com,Canada,30/05/1987,2102934802
48,Ripley,Littledyke,rlittledyke1b@craigslist.org,China,30/10/1990,9433834063
49,Ulberto,Franceschi,ufranceschi1c@sakura.ne.jp,Spain,25/04/1960,9757154701
50,Lyndsey,Muncie,lmuncie1d@fotki.com,Andorra,04/01/1979,3975517250
51,Vernon,Longmaid,vlongmaid1e@opera.com,Philippines,26/04/1979,8658285148
52,Almeta,Mabone,amabone1f@webmd.com,Cuba,08/07/1976,4387577819
53,Blane,Titlow,btitlow1g@blog.com,Indonesia,21/06/1970,6889093787
54,Hali,Raoult,hraoult1h@bloomberg.com,Afghanistan,10/04/1973,8643679232
55,Jillene,Rockwill,jrockwill1i@indiatimes.com,Vietnam,22/06/1998,3262634560
56,Fonsie,Bolter,fbolter1j@live.com,Indonesia,23/06/1974,1358626468
57,Patty,Trembley,ptrembley1k@godaddy.com,Indonesia,13/03/1978,4037762640
58,Rickard,Woolliams,rwoolliams1l@miitbeian.gov.cn,Australia,24/03/1966,6713945306
59,Tana,McWhin,tmcwhin1m@tuttocitta.it,China,10/09/1969,3778563056
60,Angele,Geely,ageely1n@ihg.com,Iran,04/09/1961,7767737742
61,Pandora,Targetter,ptargetter1o@qq.com,France,27/04/1988,6242572097
62,Bianca,Embury,bembury1p@smh.com.au,China,01/04/1985,1124151751
63,Sanford,Eggle,seggle1q@pcworld.com,Azerbaijan,07/10/1966,7685131988
64,Munmro,Robelin,mrobelin1r@mapquest.com,Philippines,11/03/1986,2538021573
65,Herbie,Audiss,haudiss1s@imgur.com,Micronesia,30/09/1998,1705532507
66,Jacinta,Linnock,jlinnock1t@npr.org,United Kingdom,30/05/1966,6969955415
67,Josh,Wolford,jwolford1u@lulu.com,Finland,05/11/1985,9789836983
68,Elena,Capes,ecapes1v@webeden.co.uk,China,13/08/1963,8937656501
69,Auroora,Artis,aartis1w@ftc.gov,Mexico,10/07/1962,3008702879
70,Kerby,Cantera,kcantera1x@homestead.com,China,16/08/1983,4749042714
71,Gerry,Merrgan,gmerrgan1y@hatena.ne.jp,Yemen,08/01/1994,2782497794
72,Cello,Padginton,cpadginton1z@discuz.net,China,19/11/1972,4297687528
73,Gregorius,Sheivels,gsheivels20@state.gov,Indonesia,25/10/2001,5285853645
74,Benny,Wakeham,bwakeham21@archive.org,Bangladesh,22/05/1960,6456111957
75,Nicholle,Amer,namer22@census.gov,Philippines,15/01/1970,6164068138
76,Arvy,Lackeye,alackeye23@nifty.com,Netherlands,03/12/1994,1046122702
77,Langston,MacGebenay,lmacgebenay24@intel.com,China,05/01/1981,6764221839
78,Jacquie,Cowthart,jcowthart25@yellowpages.com,Mexico,15/07/1998,1493437041
79,Cassie,Rookledge,crookledge26@smugmug.com,Georgia,26/02/1986,6037449563
80,Alene,Nijssen,anijssen27@telegraph.co.uk,Russia,20/11/1967,6696754108
81,Henry,Wellstood,hwellstood28@washington.edu,China,26/06/1987,6102538433
82,Patsy,Baddiley,pbaddiley29@squidoo.com,Indonesia,23/08/2003,3483658510
83,Claudio,Pellatt,cpellatt2a@yellowbook.com,Kazakhstan,18/08/1995,1002553617
84,Felecia,Tippetts,ftippetts2b@zimbio.com,Nigeria,01/06/1985,6532836347
85,Wadsworth,Sictornes,wsictornes2c@bloglovin.com,China,29/12/1972,2578573897
86,Dinny,Minichi,dminichi2d@storify.com,Argentina,02/04/1978,5533283435
87,Ollie,Vallance,ovallance2e@rediff.com,Syria,30/03/1961,7696779604
88,Ronnie,Spink,rspink2f@unblog.fr,United States,01/08/1970,9132173634
89,Kathie,Ivimy,kivimy2g@istockphoto.com,Mexico,04/10/2004,4107258910
90,Norean,Dooly,ndooly2h@elegantthemes.com,Indonesia,17/08/1960,9879052624
91,Lorelle,Puckett,lpuckett2i@list-manage.com,Dominican Republic,08/12/1998,6481226640
92,Wolf,Spurgin,wspurgin2j@hud.gov,Indonesia,26/11/1975,2181432926
93,Anthea,Pollie,apollie2k@opensource.org,Nicaragua,16/09/1981,9327969732
94,Chadd,Algate,calgate2l@phoca.cz,Chile,21/05/1984,8737121714
95,Avictor,Crielly,acrielly2m@feedburner.com,Indonesia,14/01/1997,1212087134
96,Dahlia,Larby,dlarby2n@netvibes.com,France,27/01/1982,8078309638
97,Murvyn,Freeburn,mfreeburn2o@about.me,Peru,07/03/1971,5096879403
98,Katherina,Makiver,kmakiver2p@feedburner.com,China,09/02/1986,8849194888
99,Mavra,Chalcraft,mchalcraft2q@bizjournals.com,Philippines,20/10/1996,2546897663
100,Shandra,Bussy,sbussy2r@reverbnation.com,Cambodia,29/06/2001,3946313049
